Catherine,Torres,2,CatherineTorres@gmail.com,25c2265a1dcd90965471
Ronald,Perez,1,RonaldPerez@gmail.com,62e5562fbff668312e6a
Christian,Gardner,2,ChristianGardner@gmail.com,e0321b32872d178ec9e1
Gregory,Martin,3,GregoryMartin@gmail.com,eba9f7243c45aa8953aa
Crystal,Carter,5,CrystalCarter@gmail.com,d8b61666b0a8f01131ac
Jessica,Gillespie,6,JessicaGillespie@gmail.com,2c43510afc470c55d2d4
Nicholas,Mendez,6,NicholasMendez@gmail.com,cd25d31a415608cfa0f5
Vicki,Park,6,VickiPark@gmail.com,45439e2706b6c69fea8e
Debbie,Morse,6,DebbieMorse@gmail.com,b93184cf6da2b6cf1cf4
Cheryl,Madden,1,CherylMadden@gmail.com,969b5ccfc323525c0422
