Joseph,Cox,JosephCox@gmail.com,d2f4a5edaec35cb320ff,None
Scott,Becker,ScottBecker@gmail.com,0521540cc4cf6d1de435,mgr.
Aaron,Brooks,AaronBrooks@gmail.com,a786ce49678db85eeabb,mgr.
Ashley,Allen,AshleyAllen@gmail.com,391656cc2aa0cf12f21a,None
Jonathan,Flynn,JonathanFlynn@gmail.com,1b6098c207a256cf7381,dr.
William,Mccormick,WilliamMccormick@gmail.com,5844fda37b256f8cbff4,dr.
Eugene,Alvarez,EugeneAlvarez@gmail.com,961d724e2cf7ad39f74a,None
Pamela,Singh,PamelaSingh@gmail.com,9dd0d3c4e301b3b9d84a,prof.
Tina,Ford,TinaFord@gmail.com,77e0199bdcd4e1b19430,dr.
Krystal,Morris,KrystalMorris@gmail.com,5a627f0cb181f7588b74,mgr.
