3,showing material,showing material material description,https://TheBestUni.com/materials/showing_material.avi
12,ruleing material,ruleing material material description,https://TheBestUni.com/materials/ruleing_material.avi
38,developing material,developing material material description,https://TheBestUni.com/materials/developing_material.avi
47,relateing material,relateing material material description,https://TheBestUni.com/materials/relateing_material.avi
51,freeing material,freeing material material description,https://TheBestUni.com/materials/freeing_material.avi
58,takeing material,takeing material material description,https://TheBestUni.com/materials/takeing_material.avi
68,hundreding material,hundreding material material description,https://TheBestUni.com/materials/hundreding_material.avi
69,agreementing material,agreementing material material description,https://TheBestUni.com/materials/agreementing_material.avi
70,singleing material,singleing material material description,https://TheBestUni.com/materials/singleing_material.avi
76,aheading material,aheading material material description,https://TheBestUni.com/materials/aheading_material.avi
80,returning material,returning material material description,https://TheBestUni.com/materials/returning_material.avi
81,surfaceing material,surfaceing material material description,https://TheBestUni.com/materials/surfaceing_material.avi
83,collectioning material,collectioning material material description,https://TheBestUni.com/materials/collectioning_material.avi
88,boxing material,boxing material material description,https://TheBestUni.com/materials/boxing_material.avi
90,stuffing material,stuffing material material description,https://TheBestUni.com/materials/stuffing_material.avi
91,senseing material,senseing material material description,https://TheBestUni.com/materials/senseing_material.avi
93,civiling material,civiling material material description,https://TheBestUni.com/materials/civiling_material.avi
104,babying material,babying material material description,https://TheBestUni.com/materials/babying_material.avi
105,specialing material,specialing material material description,https://TheBestUni.com/materials/specialing_material.avi
110,finishing material,finishing material material description,https://TheBestUni.com/materials/finishing_material.avi
111,threeing material,threeing material material description,https://TheBestUni.com/materials/threeing_material.avi
115,finaling material,finaling material material description,https://TheBestUni.com/materials/finaling_material.avi
116,fireing material,fireing material material description,https://TheBestUni.com/materials/fireing_material.avi
