1,2023-12-24,https://PayPal.com/payment/9997072232914808
1,2023-12-27,https://PayPal.com/payment/2765785830681949
1,2023-12-28,https://PayPal.com/payment/4173112779553709
1,2023-12-23,https://PayPal.com/payment/9136340383553332
1,2023-12-18,https://PayPal.com/payment/7994292030629976
1,2023-12-28,https://PayPal.com/payment/3070152354103479
1,2023-12-09,https://PayPal.com/payment/5989975204881306
0,2023-12-10,https://PayPal.com/payment/2913135805198999
1,2023-12-18,https://PayPal.com/payment/3443164014179434
1,2023-12-23,https://PayPal.com/payment/1693944748851347
1,2023-12-11,https://PayPal.com/payment/7684811544878866
1,2023-12-10,https://PayPal.com/payment/4082140532969875
1,2023-12-26,https://PayPal.com/payment/1841609031655719
1,2023-12-12,https://PayPal.com/payment/5926047327370706
1,2023-12-27,https://PayPal.com/payment/7151348544409138
1,2023-12-21,https://PayPal.com/payment/7835356829189926
1,2023-12-13,https://PayPal.com/payment/1981611995921646
1,2024-01-01,https://PayPal.com/payment/7754249685929226
1,2023-12-17,https://PayPal.com/payment/2579942074798983
1,2023-12-20,https://PayPal.com/payment/2398062017085858
1,2023-12-04,https://PayPal.com/payment/3797980226411686
0,2023-12-05,https://PayPal.com/payment/1343090952389237
1,2023-12-15,https://PayPal.com/payment/5737049568677229
1,2023-12-16,https://PayPal.com/payment/8161874103638222
1,2023-12-18,https://PayPal.com/payment/4456231802705928
1,2023-12-30,https://PayPal.com/payment/2060255356027444
1,2023-12-21,https://PayPal.com/payment/7105714622727939
1,2023-12-18,https://PayPal.com/payment/3274994552645681
1,2023-12-28,https://PayPal.com/payment/8972769202297281
1,2023-12-09,https://PayPal.com/payment/7262302470375239
1,2023-12-31,https://PayPal.com/payment/6115237477419724
1,2023-12-30,https://PayPal.com/payment/6373296232425281
1,2023-12-21,https://PayPal.com/payment/2397628587675370
1,2023-12-22,https://PayPal.com/payment/3927024939544169
1,2023-12-31,https://PayPal.com/payment/7661436429164938
1,2023-04-03,https://PayPal.com/payment/5954039395442837
1,2023-03-20,https://PayPal.com/payment/7852993408565140
1,2023-03-21,https://PayPal.com/payment/7430755257286801
1,2023-03-16,https://PayPal.com/payment/4923015784418988
1,2023-03-25,https://PayPal.com/payment/5332582803664439
1,2023-03-18,https://PayPal.com/payment/8437112257795290
1,2023-03-23,https://PayPal.com/payment/6986118517277622
1,2023-04-09,https://PayPal.com/payment/5012396155708282
1,2023-03-29,https://PayPal.com/payment/5079851420893934
1,2023-04-04,https://PayPal.com/payment/2494583739191179
1,2023-03-18,https://PayPal.com/payment/2967690258102629
1,2023-03-22,https://PayPal.com/payment/6438959802988485
1,2023-03-19,https://PayPal.com/payment/1522665670527984
1,2023-03-31,https://PayPal.com/payment/4843732043691459
1,2023-04-02,https://PayPal.com/payment/1832494325832378
1,2023-04-12,https://PayPal.com/payment/7786098967851628
1,2023-03-20,https://PayPal.com/payment/3679495992566259
1,2023-03-16,https://PayPal.com/payment/6283659571193604
1,2023-03-31,https://PayPal.com/payment/3378996759687751
1,2023-04-03,https://PayPal.com/payment/8287140816399168
1,2023-03-27,https://PayPal.com/payment/5907827990907171
1,2023-04-08,https://PayPal.com/payment/5519718441695541
1,2023-03-17,https://PayPal.com/payment/1218695455745112
1,2023-03-23,https://PayPal.com/payment/2159606077163849
1,2023-04-04,https://PayPal.com/payment/3279213306528610
1,2023-03-29,https://PayPal.com/payment/3977079487401505
1,2023-03-18,https://PayPal.com/payment/4132831519636323
1,2023-03-19,https://PayPal.com/payment/4199777032362233
1,2023-04-12,https://PayPal.com/payment/5126171123944331
1,2023-04-12,https://PayPal.com/payment/5230098039961126
1,2023-04-12,https://PayPal.com/payment/4535662491461510
1,2023-04-01,https://PayPal.com/payment/6683662197790334
1,2023-04-15,https://PayPal.com/payment/5264299721214643
1,2023-03-24,https://PayPal.com/payment/9604143733260206
1,2023-04-15,https://PayPal.com/payment/3946542720504404
1,2023-03-31,https://PayPal.com/payment/6866320802280251
1,2023-03-28,https://PayPal.com/payment/3402031370084213
1,2023-04-09,https://PayPal.com/payment/2062969675130659
1,2023-03-18,https://PayPal.com/payment/3608147885727450
1,2023-03-27,https://PayPal.com/payment/2573209280496667
1,2023-03-27,https://PayPal.com/payment/3468016919285638
1,2023-03-24,https://PayPal.com/payment/8996529985417269
1,2023-04-09,https://PayPal.com/payment/6832890706320654
1,2023-04-03,https://PayPal.com/payment/6152340437022546
1,2023-03-31,https://PayPal.com/payment/7906183618901674
1,2023-04-14,https://PayPal.com/payment/8892065481318923
1,2023-03-29,https://PayPal.com/payment/4659628380795348
1,2023-03-25,https://PayPal.com/payment/3594127622800708
1,2023-04-13,https://PayPal.com/payment/6118283568297755
1,2023-03-26,https://PayPal.com/payment/7655710131912140
