Edward,Harris,EdwardHarris@gmail.com,6130b6ba25b29c18ba24
Shelly,Watson,ShellyWatson@gmail.com,9519fa05bfc2e3e2aec4
Anna,Wood,AnnaWood@gmail.com,dd82ecf45cbca4a17518
Kristen,Morris,KristenMorris@gmail.com,d28ea5b879cbc756b105
Donald,Aguilar,DonaldAguilar@gmail.com,cfcc5a659046e2580c1b
Kelly,Chavez,KellyChavez@gmail.com,dfe9e2fed43e0609ac6f
Linda,Johnson,LindaJohnson@gmail.com,7ea24994fb2dc3d364d9
Anthony,Nguyen,AnthonyNguyen@gmail.com,312a779bdfe63fadb046
Brandon,Wilson,BrandonWilson@gmail.com,947f4f158b067b5123e7
Dawn,Vega,DawnVega@gmail.com,c79fe8bcc755d6a5669b
Jennifer,Williams,JenniferWilliams@gmail.com,ac5ef659f2d9dfc81e86
Jared,Newton,JaredNewton@gmail.com,fcdac335a2ca4cb9f66d
John,Higgins,JohnHiggins@gmail.com,51dc73c4d061240da3de
Jennifer,Reed,JenniferReed@gmail.com,9ec6cd0d3b7d4d6cccde
Sabrina,Garcia,SabrinaGarcia@gmail.com,257b548ba69f54c8b387
Kristi,Price,KristiPrice@gmail.com,68ccba34cf4cc085855c
Nicole,Salazar,NicoleSalazar@gmail.com,fd454eca0041ec3506f2
Angela,Russell,AngelaRussell@gmail.com,97ca7a7d317ac387a9e9
Michael,Sanchez,MichaelSanchez@gmail.com,6065d0038377acbf9c17
Melanie,Thompson,MelanieThompson@gmail.com,86b42dffb80eb7f8ed2d
